{"K": [[1332.8318150123523, 0.0, 1603.958543386288], [0.0, 1350.307958219679, 1610.6049319781775], [0.0, 0.0, 1.0]], "D": [[-0.22310739100804128, 0.033871384859103, 0.002041677325584554, -0.00011658190881006227, -0.0018659301793462412]]}