{"K": [[992.7852905298362, 0.30416858145037945, 1607.8130311532627], [0.0, 993.2853784642244, 1630.33449710036], [0.0, 0.0, 1.0]], "D": [[0.03260082459541768], [-0.018162565074531123], [0.0009167911983645873], [-0.00020654662895987132]]}